id,title,description,lib_url,cover_url
0,Гарри Поттер и узник Азкабана,"Гарри взрослеет, и вместе с тем жить в Хогвартсе всё страшнее. Из тюрьмы для волшебников Азкабан сбежал опасный преступник - Сириус Блэк. Мир наполнился слухами, что он ищет и хочет убить одного тринадцатилетнего парня, совсем обычного на первый взгляд. Его имя - Гарри Поттер.

Специальное издание для учеников и выпускников «Гриффиндора» к 20-летию первой публикации книги «Гарри Поттер и узник Азкабана».",https://www.livelib.ru/book/1003317448-garri-potter-i-uznik-azkabana-dzhoan-rouling,https://s1.livelib.ru/boocover/1003317448/o/2954/Dzhoan_Rouling__Garri_Potter_i_uznik_Azkabana.jpeg
1,Зелёная миля,"Стивен Кинг приглашает читателей в жуткий мир тюремного блока смертников, откуда уходят, чтобы не вернуться, приоткрывает дверь последнего пристанища тех, кто преступил не только человеческий, но и Божий закон. По эту сторону электрического стула нет более смертоносного местечка! Ничто из того, что вы читали раньше, не сравнится с самым дерзким из ужасных опытов Стивена Кинга - с историей, что начинается на Дороге Смерти и уходит в глубины самых чудовищных тайн человеческой души...",https://www.livelib.ru/book/1000966838-zeljonaya-milya-stiven-king,https://s1.livelib.ru/boocover/1000966838/o/7df1/Stiven_King__Zeljonaya_milya.jpeg
2,Унесенные ветром,"Роман Маргарет Митчелл вышел в свет в 1936 году и имел феноменальный успех у читателей. Только в первые годы его тираж превысил три миллиона, и «Унесенные ветром» были признаны «книгой века». В 1939 году на экраны вышел одноименный  фильм (с участием Вивьен Ли и Кларком Гейблом), который  завоевал восемь премий «Оскар» и стал одной из самых кассовых лент в истории кинематографа. Несмотря на полярные оценки литературных критиков, роман удостоился престижной Пулитцеровской премии, его сравнивали с «Войной и миром» Льва Толстого, а Маргарет Митчелл ставили в один ряд с великими классиками мировой литературы. Книга выдержала более 70 изданий…",https://www.livelib.ru/book/1003634473-unesennye-vetrom-margaret-mitchell,https://s1.livelib.ru/boocover/1003634473/o/3ca5/Margaret_Mitchell__Unesennye_vetrom.jpeg
3,Шерлок Холмс. Все повести и рассказы о сыщике № 1 ,"Шерлок Холмс – литературный персонаж, созданный талан-том английского писателя Артура Конан Дойла (1859–1930). Его произведения, посвященные приключениям знаменитого лондонского частного сыщика, по праву считаются классикой детективного жанра. Общества поклонников дедуктивного метода Холмса распространились по всему миру. Вы тоже можете присоединиться к Всемирному клубу почитателей Шерлока Холмса и его верного друга Ватсона, прочитав эту книгу. В книге использованы тексты лучших переводчиков XIX и XX вв. и иллюстрации британских художников, современников Конан Дойла.",https://www.livelib.ru/book/1003648088-sherlok-holms-vse-povesti-i-rasskazy-o-syschike-no-1-sbornik-artur-konan-dojl,https://s1.livelib.ru/boocover/1003648088/o/c980/Artur_Konan_Dojl__Sherlok_Holms._Vse_povesti_i_rasskazy_o_syschike_No_1_sbornik.jpeg
4,Свита короля,"Время на исходе. Оказавшись в Университете Пальметто, Нил Джостен знал, что не доживет до конца года, но теперь, когда смерть не за горами, он больше чем прежде хочет жить. Дружба с Лисами была опрометчивой затеей, а поцелуй с одним из них — затеей немыслимой. Пока «Лисы» пытаются во что бы то ни стало выйти в финал чемпионата, Нил сражается за свою жизнь, ведь теперь ей угрожает не только Рико Морияма, но и мафиозный клан Бостонского Мясника. Правда — единственный шанс Нила на спасение, однако она может привести к гибели всех, кто ему дорог...",https://www.livelib.ru/book/1005935587-svita-korolya-nora-sakavich,https://s1.livelib.ru/boocover/1005935587/o/bdc3/Nora_Sakavich__Svita_korolya.jpeg
5,Прислуга,"Американский Юг, на дворе 1960-е годы. Скитер только-только закончила университет и возвращается домой, в сонный городок Джексон, где никогда ничего не происходит. Она мечтает стать писательницей, вырваться в большой мир. Но приличной девушке с Юга не пристало тешиться столь глупыми иллюзиями, приличной девушке следует выйти замуж и хлопотать по дому. Мудрая Эйбилин на тридцать лет старше Скитер, она прислуживает в домах белых всю свою жизнь, вынянчила семнадцать детей и давно уже ничего не ждет от жизни, ибо сердце ее разбито после смерти единственного сына.
Минни — самая лучшая стряпуха во всем Джексоне, а еще она самая дерзкая служанка…",https://www.livelib.ru/book/1000496726-prisluga-ketrin-stokett,https://s1.livelib.ru/boocover/1000496726/o/3ef1/Ketrin_Stokett__Prisluga.jpeg
6,Возвращение государя,"В четвертый том собрания сочинений Дж. Р. Р. Толкиена вошла заключительная летопись сказочной трилогии ""Властелин Колец"" ""Возвращение государя"", из которой юный читатель узнает о последней битве светлых и темных сил, о дальнейшей судьбе Фродо, Сэма, Арагорна и других полюбившихся героев.",https://www.livelib.ru/book/1000453410-vozvraschenie-gosudarya-dzhon-r-r-tolkien,https://s1.livelib.ru/boocover/1000453410/o/6118/Dzhon_R._R._Tolkien__Vozvraschenie_gosudarya.jpeg
7,Граф Монте-Кристо,"Как и сто шестьдесят пять лет назад, ""Граф Монте-Кристо"" Александра Дюма остается одним из самых популярных романов в мировой литературе. К нему писали продолжения, его ставили на сцене, создавали мюзиклы, экранизировали, но и по сей день бесчисленные издания этой книги доставляют удовольствие новым и новым поколениям читателей. История молодого парижанина, которого приятели в шутку засадили в тюрьму, почерпнута автором в архивах парижской полиции. А из-под пера мастера выходит моряк Эдмон Дантес, мученик замка Иф. Не дождавшись правосудия, он решает сам вершить суд и жестоко мстит врагам, разрушившим его счастье. 
В настоящем издании…",https://www.livelib.ru/book/1002217446-graf-montekristo-aleksandr-dyuma,https://s1.livelib.ru/boocover/1002217446/o/518c/Aleksandr_Dyuma__Graf_MonteKristo.jpeg
8,Гарри Поттер и Принц-полукровка. Брат Волк ,"Книга 1
Гарри Поттер и Принц-полукровка. Автор: Джоан Кэтлин Роулинг, Переводчики: Майя Лахути, Сергей Ильин
Министерство магии терпит поражение за поражением в битвах с Волан-де-Мортом. Даже маглы страдают от второй войны - каждый день происходят катастрофы, причины которых никому не ведомы. 
Но и на войне жизнь продолжается. Гарри, Рон и Гермиона, как и все шестнадцатилетние, учатся, ходят на вечеринки и влюбляются. Однако опасность все ближе. Несмотря на все усилия Дамблдора по защите школы, в Хогвартсе происходят очень странные события. 
Омут памяти на этот раз откроет Гарри самую большую тайну Темного Лорда, и ради того, чтобы…",https://www.livelib.ru/book/1000186331-garri-potter-i-printspolukrovka-brat-volk-komplekt-iz-2-knig-sbornik,https://s1.livelib.ru/boocover/1000186331/o/736e/__Garri_Potter_i_Printspolukrovka._Brat_Volk_komplekt_iz_2_knig_sbornik.jpeg
9,Буря мечей,"Перед вами - знаменитая эпопея ""Песнь льда и огня"". 
Эпическая, чеканная сага о мире Семи Королевств. 
О мире суровых земель вечного холода и радостных земель вечного лета. 
О мире опасных приключений, тончайших политических интриг и великих деяний. 
О мире лордов и героев, драконов, воинов и магов, чернокнижников и убийц - всех, кого свела Судьба во исполнение пророчества...",https://www.livelib.ru/book/1000243672-burya-mechej-dzhordzh-martin,https://s1.livelib.ru/boocover/1000243672/o/6c2d/Dzhordzh_Martin__Burya_mechej.jpeg
10,Пустая могила,"Узнав, что Марисса Фиттис, основательница крупнейшего в Лондоне агентства по борьбе с призраками, вовсе не умерла много лет назад, мы решили пробраться в ее усыпальницу и вскрыть гроб. Действительно, вместо покойницы в гробу лежала восковая кукла. Но кто же тогда руководит агентством? И как Мариссе удалось прожить так долго и выглядеть столь молодо? Но похоже, получить ответы на эти вопросы нам не суждено, потому что мы стали получать угрозы, а затем агентство Фиттис и вовсе прислало к нашему дому головорезов. Чтобы спастись от верной смерти, мне и моим друзьям нужно пройти по Другой Стороне, миру призраков. Отважившись на такое опасное…",https://www.livelib.ru/book/1002756364-pustaya-mogila-dzhonatan-straud,https://s1.livelib.ru/boocover/1002756364/o/df9a/Dzhonatan_Straud__Pustaya_mogila.jpeg
11,Продажное королевство,"Казу Бреккеру и его команде удалось провернуть столь дерзкое похищение, что они и сами не поняли, как остались в живых. Но обещанная заоблачная награда уплывает из рук, и юные изгои вынуждены снова бороться за свою жизнь. Их обвели вокруг пальца и лишили ценного члена команды. Теперь у них не хватает людей, очень мало союзников и почти не осталось надежды. Давние соперники и новые враги бросают вызов коварству Каза, а его окружение подвергают испытанию на прочность. На темных и извилистых улочках Кеттердама разразится война – она и решит судьбу гришей.",https://www.livelib.ru/book/1002707756-prodazhnoe-korolevstvo-li-bardugo,https://s1.livelib.ru/boocover/1002707756/o/b2cd/Li_Bardugo__Prodazhnoe_korolevstvo.jpeg
12,Крестный отец,"Роман, опубликованный в 1969 году, вознес Марио Пьюзо на вершину американского литературного Олимпа. Это был потрясающий триумф, и, как показало время, сага о клане дона Вито Корлеоне до сей поры остается лучшим произведением о мафии.",https://www.livelib.ru/book/1000494281-krestnyj-otets-mario-pyuzo,https://s1.livelib.ru/boocover/1000494281/o/d677/Mario_Pyuzo__Krestnyj_otets.jpeg
13,Вторая жизнь Уве,"На первый взгляд Уве — самый угрюмый человек на свете. Он, как и многие из нас, полагает, что его окружают преимущественно идиоты — соседи, которые неправильно паркуют свои машины; продавцы в магазине, говорящие на птичьем языке; бюрократы, портящие жизнь нормальным людям.
Но у угрюмого ворчливого педанта — большое доброе сердце. И когда молодая семья новых соседей случайно повреждает его почтовый ящик, это становится началом невероятно трогательной истории об утраченной любви, неожиданной дружбе, бездомных котах и древнем искусстве сдавать назад на автомобиле с прицепом.
Истории о том, как сильно жизнь одного человека может повлиять на…",https://www.livelib.ru/book/1005586864-vtoraya-zhizn-uve-fredrik-bakman,https://s1.livelib.ru/boocover/1005586864/o/ad09/Fredrik_Bakman__Vtoraya_zhizn_Uve.jpeg
14,О всех созданиях — больших и малых,"Записки ветеринарного врача, практикующего в английской провинции. 30-60 годы прошлого века.

С любовью и юмором автор, ветеринарный врач по специальности, рассказывает о домашних животных и их взаимоотношениях с человеком.,,https://s1.livelib.ru/boocover/1001080581/o/910f/Natalya_Scherba__Chasodei._Chasovaya_bitva.jpeghttps://s1.livelib.ru/boocover/1001080581/o/910f/Natalya_Scherba__Chasodei._Chasovaya_bitva.jpeg
,,,,https://s1.livelib.ru/boocover/1004565601/o/d322/Viktor_Gyugo__Otverzhennye.jpeghttps://s1.livelib.ru/boocover/1004565601/o/d322/Viktor_Gyugo__Otverzhennye.jpeg
В своей книге он делится с читателями воспоминаниями об эпизодах, встречающихся в практике ветеринарного врача. Несмотря на, казалось бы, довольно прозаические сюжеты,https://s1.livelib.ru/boocover/1000736563/o/2edc/Mihail_Bulgakov__Master_i_Margarita.jpeg, то саркастическое – передано очень тонко, с большой человечностью и юмором.

Любовь к своей профессии, сопричастность к страданиям больных животных, радость или грусть…",https://www.livelib.ru/book/1000656674-o-vseh-sozdaniyah-bolshih-i-malyh-dzhejms-herriot,https://s1.livelib.ru/boocover/1000656674/o/687f/Dzhejms_Herriot__O_vseh_sozdaniyah__bolshih_i_malyh.jpeg
15,Тайная опора. Привязанность в жизни ребенка,"""Все мы родом из детства"", - писал один, известный французский писатель и летчик. Однако, прежде чем достичь самостоятельности, мы едва ли можем обойтись без взрослых. В своей новой книге Людмила Петрановская, основываясь на научной теории привязанности, легко и доступно рассказывает о роли родителей на пути к взрослению: ""Как зависимость и беспомощность превращаются в зрелость, как наши любовь и забота год за годом формируют в ребенке тайную опору, на которой, как на стержне, держится его личность?"" Прочитав эту книгу, вы не только сможете увидеть, что на самом деле стоит за детскими ""капризами"", ""избалованностью"", ""агрессией"", ""вредным…",https://www.livelib.ru/book/1001496707-tajnaya-opora-privyazannost-v-zhizni-rebenka-lyudmila-petranovskaya,https://s1.livelib.ru/boocover/1001496707/o/a6a3/Lyudmila_Petranovskaya__Tajnaya_opora._Privyazannost_v_zhizni_rebenka.jpeg
16,Десять негритят,"Десять никак не связанных между собой людей в особняке на уединенном острове... Кто вызвал их сюда таинственным приглашением? Зачем кто-то убивает их, одного за другим, самыми невероятными способами? Почему все происходящее так тесно переплетено с веселым детским стишком?",https://www.livelib.ru/book/1005556180-desyat-negrityat-agata-kristi,https://s1.livelib.ru/boocover/1005556180/o/434b/Agata_Kristi__Desyat_negrityat.jpeg
17,Цветы для Элджернона,"Сорок лет назад это считалось фантастикой. 
Сорок лет назад это читалось как фантастика. Исследующая и расширяющая границы жанра, жадно впитывающая всевозможные новейшие веяния, примеряющая общечеловеческое лицо, отважно игнорирующая каинову печать «жанрового гетто». 
Сейчас это воспринимается как одно из самых человечных произведений новейшего времени, как роман пронзительной психологической силы, как филигранное развитие темы любви и ответственности. 
Не зря вышедшую уже в 1990-е книгу воспоминаний Киз назвал ""Элджернон, Чарли и я"".",https://www.livelib.ru/book/1001123967-tsvety-dlya-eldzhernona-deniel-kiz,https://s1.livelib.ru/boocover/1001123967/o/b909/Deniel_Kiz__Tsvety_dlya_Eldzhernona.jpeg
18,Записки юного врача ,"Эти семь маленьких шедевров Михаил Булгаков создал в юности, хотя через много лет отредактировал заново. Время действия - 1917 год, место - больница в глухой российской деревне. Сюда в качестве главного и единственного доктора пребывает 23-летний выпускник медицинского факультета с отличной теоретической подготовкой и полным отсутствием опыта. Первые пациенты, тяжелые случаи, неизбежные ошибки, борьба с собственными страхами и малодушием, маленькие и большие победы, иногда - трагические поражения.
И каждый рассказ - отдельная уникальная ""история болезни"", полная юмора и самоиронии, а также боли и горечи.
Перед читателями - тернистый путь…",https://www.livelib.ru/book/1005579736-zapiski-yunogo-vracha-sbornik-mihail-bulgakov,https://s1.livelib.ru/boocover/1005579736/o/af0f/Mihail_Bulgakov__Zapiski_yunogo_vracha_sbornik.jpeg
19,Благословение небожителей. Том 1,"В незапамятные времена Се Лянь был наследным принцем государства Сяньлэ. Судьба одарила его всем: прекрасным ликом, чистыми помыслами и бесконечной любовью своих подданных. И если уж кому-то и было предначертано стать Божеством, то именно Его Высочеству.

Однако удержаться на Небесах оказалось для него не так просто. Се Лянь возносился дважды и дважды был изгнан на землю. И вот спустя восемьсот лет скитаний Его Высочество вновь возвращается в Небесные чертоги. Получив своё первое задание в роли Божества, он сталкивается с таинственным и невероятно могущественным демоном, который, как оказалось, уже давно положил глаз на наследного принца...",https://www.livelib.ru/book/1006912978-blagoslovenie-nebozhitelej-tom-1-mosyan-tunsyu,https://s1.livelib.ru/boocover/1006912978/o/1792/Mosyan_Tunsyu__Blagoslovenie_nebozhitelej._Tom_1.jpeg
20,Безумный корабль,"О живом корабле «Совершенный» ходит дурная слава: его считают безумным, кораблем-убийцей. Но он единственный, кто может спасти другой корабль — «Проказницу», — захваченный в плен пиратами. «Безумный корабль», как и первый роман трилогии о живых кораблях, переведен мастером художественного слова писательницей М.Семеновой, автором «Волкодава» и «Валькирии».",https://www.livelib.ru/book/1002225089-bezumnyj-korabl-robin-hobb,https://s1.livelib.ru/boocover/1002225089/o/9aa4/Robin_Hobb__Bezumnyj_korabl.jpeg
21,Побег из Шоушенка,"Страшный сон, ставший реальностью... 
История невинного человека, приговоренного к пожизненному заключению в тюремном аду. 
Жесткая история выживания там, где выжить практически невозможно. 
Увлекательная история побега оттуда, откуда не сумел вырваться еще никто... 

Читайте одно из знаменитейших произведений ""короля ужасов"" Стивена Кинга, которое легло в основу известного фильма с Тимом Роббинсом и Морганом Фрименом в главных ролях!",https://www.livelib.ru/book/1001445982-pobeg-iz-shoushenka-stiven-king,https://s1.livelib.ru/boocover/1001445982/o/3a2a/Stiven_King__Pobeg_iz_Shoushenka.jpeg
22,Ученик убийцы. Королевский убийца ,"Фитц незаконнорожденный сын наследного принца. Воспитанный слугами, он вырос в темных коридорах королевского замка, не зная ни почета, ни славы. Его ждала дорога убийцы, верно и преданно исполняющего приказы своего короля, а также участь человека, способного своими, может, не очень значительными поступками сдвигать мировые колеса и приводить в движение силы, недоступные пониманию простых людей... Но на то он и Фитц Чивэл Видящий!",https://www.livelib.ru/book/1002050577-uchenik-ubijtsy-korolevskij-ubijtsa-sbornik-robin-hobb,https://s1.livelib.ru/boocover/1002050577/o/91de/Robin_Hobb__Uchenik_ubijtsy._Korolevskij_ubijtsa_sbornik.jpeg
23,Жажда жизни,"Ирвинг Стоун (1903-1989) - одна из самых ярких фигур американской литературы ХХ столетия, писатель, создавший жанр ""литературной биографии"". В своих произведениях, посвященных жизни великих людей, он опирался прежде всего на факты, черпая сведения из достоверных источников, отвергая разного рода домыслы. Мастерское владение стилем позволило Стоуну избежать сухости в изложении фактов, и жанр романтической биографии приобрел заслуженную популярность во всем мире.
В этом можно убедиться, прочитав опубликованный в данной книге роман ""Жажда жизни"", рассказывающий о жизни великого голландского живописца Винсента Ван Гога.",https://www.livelib.ru/book/1000322667-zhazhda-zhizni-irving-stoun,https://s1.livelib.ru/boocover/1000322667/o/c386/Irving_Stoun__Zhazhda_zhizni.jpeg
24,Тысяча сияющих солнц,"Любовь - великое чувство. Глубоко укрытая, запрещенная, тайная, она все равно дождется своего часа. Об этом новый роман Халеда Хоссейни, в 2007 году ставший главным мировым бестселлером. 
В центре романа - две женщины, которые оказались жертвами потрясений, разрушивших идиллический Афганистан. Мариам - незаконная дочь богатого бизнесмена, с детства познавшая, что такое несчастье, с ранних лет ощутившая собственную обреченность. Лейла, напротив, - любимая дочка в дружной семье, мечтающая об интересной и прекрасной жизни. Между ними нет ничего общего, они живут в разных мирах, которым не суждено было бы пересечься, если бы не огненный шквал…",https://www.livelib.ru/book/1000750889-tysyacha-siyayuschih-solnts-haled-hossejni,https://s1.livelib.ru/boocover/1000750889/o/ebd9/Haled_Hossejni__Tysyacha_siyayuschih_solnts.jpeg
25,Крутой маршрут. Хроника времен культа личности,"Драматическое повествование о восемнадцати годах тюрем, лагерей и ссылок потрясает своей беспощадной правдивостью, вызывает глубочайшее уважение к силе человеческого духа, который не сломили эти страшные испытания. Роман-автобиография журналистки Евгении Гинзбург (1904-1977) «Крутой маршрут» - документ эпохи, честно и беспощадно рассказывающий о сталинских репрессиях и о том, что помогало выжить в мире унижений, пыток, холода, голода и смерти.",https://www.livelib.ru/book/1002717866-krutoj-marshrut-hronika-vremen-kulta-lichnosti-evgeniya-ginzburg,https://s1.livelib.ru/boocover/1002717866/o/6424/Evgeniya_Ginzburg__Krutoj_marshrut._Hronika_vremen_kulta_lichnosti.jpeg
26,Двенадцать стульев. Золотой теленок ,"﻿""Двенадцать стульев"" — первый роман Ильфа и Петрова, ставший, возможно, самым смешным и остроумным произведением в русской литературе. Этот роман, написанный почти век назад, до сих пор остается на слуху — цитаты из романа известны даже тем, кто не прочел ни страницы текста. История о том, как Остап Бендер с напарником Кисой Воробьяниновым пытаются найти бриллианты, спрятанные в одном из двенадцати стульев мебельного гарнитура, стала поистине ""народной классикой"".
	""Золотой теленок"" — продолжение легендарного романа ""Двенадцать стульев"", в котором по воле авторов ""воскрес"" их любимый герой — обаятельный и находчивый аферист Остап Бендер,…",https://www.livelib.ru/book/1002878229-dvenadtsat-stulev-zolotoj-telenok-sbornik-ilya-ilf-evgenij-petrov,https://s1.livelib.ru/boocover/1002878229/o/36f9/Ilya_Ilf_Evgenij_Petrov__Dvenadtsat_stulev._Zolotoj_telenok_sbornik.jpeg
27,Убить пересмешника,"История маленького сонного городка на юге Америки, поведанная маленькой девочкой.
История ее брата Джима, друга Дилла и ее отца – честного, принципиального адвоката Аттикуса Финча, одного из последних и лучших представителей старой ""южной аристократии"".
История судебного процесса по делу чернокожего парня, обвиненного в насилии над белой девушкой.
Но прежде всего – история переломной эпохи, когда ксенофобия, расизм, нетерпимость и ханжество, присущие американскому югу, постепенно уходят в прошлое.
""Ветер перемен"" только-только повеял над Америкой. Что он принесет?..",https://www.livelib.ru/book/1005931411-ubit-peresmeshnika-harper-li,https://s1.livelib.ru/boocover/1005931411/o/702c/Harper_Li__Ubit_peresmeshnika.jpeg
28,Искра жизни,"Конец войны. Германия. Концлагерь вблизи вымышленного города Меллерн. 
Большинство пленников отказываются от надежды когда-нибудь оказаться на свободе. Но есть те, кто еще верит в спасение. И это дает им силы жить и мечтать о будущем. Ведь пока в них теплится Искра жизни, они чувствуют себя людьми...",https://www.livelib.ru/book/1003407640-iskra-zhizni-erih-mariya-remark,https://s1.livelib.ru/boocover/1003407640/o/4a71/Erih_Mariya_Remark__Iskra_zhizni.jpeg
29,Книжный вор,"Январь 1939 года. Германия. Страна, затаившая дыхание. Никогда еще у смерти не было столько работы. А будет еще больше. Мать везет девятилетнюю Лизель Мемингер и ее младшего брата к приемным родителям под Мюнхен, потому что их отца больше нет – его унесло дыханием чужого и странного слова ""коммунист"", и в глазах матери девочка видит страх перед такой же судьбой. В дороге смерть навещает мальчика и впервые замечает Лизель. Так девочка оказывается на Химмель-штрассе – Небесной улице. Кто бы ни придумал это название, у него имелось здоровое чувство юмора. Не то чтобы там была сущая преисподняя. Нет. Но и никак не рай. ""Книжный вор"" стал…",https://www.livelib.ru/book/1005754486-knizhnyj-vor-markus-zusak,https://s1.livelib.ru/boocover/1005754486/o/9b9a/Markus_Zusak__Knizhnyj_vor.jpeg
30,Часодеи. Часовая битва,"В шестой, завершающей книге ЧАСОДЕЕВ героев саги Василису и Фэша ждут невероятные испытания. Близится роковой час - наступает решающая битва за трон Времени. Зодчий Круг в смятении: Василиса Огнева стала ученицей Астрагора, заклятого врага всех эфларских часовщиков, Фэш Драгоций бесследно пропал, и неизвестно, что ждет ключников в будущем. И только Астрагор уверен в своей судьбе и быстро идет к самой главной цели, приобретая союзников и сокрушая врагов. Удастся ли Василисе спасти своего друга? Какая судьба ждет ее отца, Нортона Огнева? Кто же на самом деле Родион Хардиус и какие ещё тайны хранит Расколотый Замок? В последней книге…",https://www.livelib.ru/book/1001080581-chasodei-chasovaya-bitva-natalya-scherba,https://s1.livelib.ru/boocover/1001080581/o/910f/Natalya_Scherba__Chasodei._Chasovaya_bitva.jpeg
31,Отверженные,"Знаменитый роман-эпопея Виктора Гюго о жизни людей, отвергнутых обществом. Среди """"отверженных"""" Жан Вальжан, осужденный на двадцать лет каторги за то, что украл хлеб для своей голодающей семьи, маленькая Козетта, превратившаяся в очаровательную девушку, жизнерадостный уличный сорванец Гаврош. Противостояние криминального мира Парижа и полиции, споры политических партий и бои на баррикадах, монастырские законы и церковная система – блистательная картина французского общества начала XIX века.",https://www.livelib.ru/book/1004565601-otverzhennye-viktor-gyugo,https://s1.livelib.ru/boocover/1004565601/o/d322/Viktor_Gyugo__Otverzhennye.jpeg
32,Мастер и Маргарита,"Воистину «рукописи не горят». Произведения Михаила Булгакова не печатали долгое время, но с момента снятия запрета, они стали бестселлерами! Их покупают, читают и перечитывают, цитируют повсеместно, экранизируют, делают театральные постановки, а главное - они по-прежнему актуальны! Потому что, как говорил Воланд: «Люди, как люди. Любят деньги, но ведь это всегда было... Человечество любит деньги, из чего бы те ни были сделаны, из кожи ли, из бумаги ли, из бронзы или золота. Ну, легкомысленны... ну, что ж... обыкновенные люди... в общем, напоминают прежних... квартирный вопрос только испортил их...»
""Мастер и Маргарита"" - блистательный…",https://www.livelib.ru/book/1000736563-master-i-margarita-mihail-bulgakov,https://s1.livelib.ru/boocover/1000736563/o/2edc/Mihail_Bulgakov__Master_i_Margarita.jpeg
33,На Западном фронте без перемен,"Судьба Пауля Боймера, его фронтовых друзей, его сверстников взволновала людей во всем мире. И не отошла в тень, даже когда поколение, прошедшее ад Первой мировой, закончило свое земное существование.
Мы предлагаем читающей публике новое издание романа ""На Западном фронте без перемен"", текст которого осмыслен с точки зрения дня сегодняшнего и снабжен комментариями. Люди, зачитывавшиеся романом в 1929 году, хорошо знали реалии мира, в котором живут, борются и погибают герои писателя. Сейчас эти подробности стушевались под напором картин более поздних войн, и в первую очередь Второй мировой. К тому же Ремарк и не собирался детально описывать…",https://www.livelib.ru/book/1006083226-na-zapadnom-fronte-bez-peremen-erih-mariya-remark,https://s1.livelib.ru/boocover/1006083226/o/913f/Erih_Mariya_Remark__Na_Zapadnom_fronte_bez_peremen.jpeg
34,Два капитана. В 2 томах,"Знаменитый роман русского и советского писателя Вениамина Каверина рассказывает правдивую и захватывающую историю об исследователях-путешественниках, о верности и целеустремлённости главного героя в поисках пропавшей экспедиции капитана Татаринова.
Всё началось со случайно найденных размокших писем. Однажды Саня Григорьев и его друг Петька выловили в реке сумку почтальона, в которой оказалось несколько писем участников полярной экспедиции. Часть из них удалось прочитать, и Саня всё выучил наизусть. Позднее выяснилось, что экспедиция пропала - и по удивительному стечению обстоятельств именно с исчезнувшей экспедицией и её капитаном Иваном…",https://www.livelib.ru/book/1002077673-dva-kapitana-v-2-tomah-veniamin-kaverin,https://s1.livelib.ru/boocover/1002077673/o/f793/Veniamin_Kaverin__Dva_kapitana._V_2_tomah.jpeg
35,Лабиринт Мёнина,"Если в один прекрасный день король исчезает из дворца - это еще полбеды. Когда выясняется, что Его Величество легкомысленно отправился на прогулку по лабиринту, которого, строго говоря, не существует, это уже серьезный повод для беспокойства. Однако беспокойство - не то чувство, которое можно позволить себе, путешествия по лабиринту Мёнина, где плохое настроение карается смертью - пока не расслабишься.",https://www.livelib.ru/book/1000558833-labirint-mjonina-maks-fraj,https://s1.livelib.ru/boocover/1000558833/o/f901/Maks_Fraj__Labirint_Mjonina.jpeg
36,Записки о Шерлоке Холмсе ,"Английский врач и писатель сэр Артур Конан Дойл известен всему миру как непревзойденный мастер детективного жанра. В настоящем издании представлены наиболее рассказы о гениальном Шерлоке Холмсе (по словам писателя, «самом проницательном и энергичном из всех европейских сыщиков») и его верном спутнике докторе Ватсоне. Талантливо развивший традицию американского писателя Эдгара По, Артур Конан Дойл наряду с ним увенчан лаврами создателя детектива как жанра беллетристики. Читателю гарантировано огромное удовольствие — как от решения занимательных задач на логику, гибкость ума, так и просто от интересного чтения.",https://www.livelib.ru/book/1001401495-zapiski-o-sherloke-holmse-sbornik-artur-konan-dojl,https://s1.livelib.ru/boocover/1001401495/o/2379/Artur_Konan_Dojl__Zapiski_o_Sherloke_Holmse_sbornik.jpeg
37,Меч Предназначения ,"Ведьмак - это мастер меча и мэтр волшебства, ведущий непрерывную войну с кровожадными монстрами, которые угрожают покою сказочной страны.

""Ведьмак"" - это мир на острие меча, ошеломляющее действие, незабываемые ситуации, великолепные боевые сцены.",https://www.livelib.ru/book/1001616125-mech-prednaznacheniya-sbornik-andzhej-sapkovskij,https://s1.livelib.ru/boocover/1001616125/o/a1cb/Andzhej_Sapkovskij__Mech_Prednaznacheniya_sbornik.jpeg
38,Приключения Эмиля из Лённеберги ,"Весёлая повесть про Эмиля из Лённеберги, которую написала замечательная шведская писательница Астрид Линдгрен, а на русский язык блистательно пересказала Лилианна Лунгина, полюбилась и взрослым и детям всей планеты. Этот вихрастый мальчуган - ужасный озорник, он и дня не проживёт, не напроказничав. Ну кому придёт в голову гонять кошку, чтобы проверить, хорошо ли она прыгает?! Или надеть на себя супницу?",https://www.livelib.ru/book/1007101123-priklyucheniya-emilya-iz-ljonnebergi-sbornik-astrid-lindgren,https://s1.livelib.ru/boocover/1007101123/o/c06f/Astrid_Lindgren__Priklyucheniya_Emilya_iz_Ljonnebergi_sbornik.jpeg
39,Выбор. О свободе и внутренней силе человека,"Одна из самых сильных книг о войне и внутренней силе человека.

В 1944 году шестнадцатилетняя балерина Эдит Эгер была отправлена вместе со своей семьей в Аушвиц. Спустя всего несколько часов после гибели ее родителей нацистский доктор Йозеф Менгеле заставил Эдит танцевать ради собственной забавы и ее выживания. Эдит и ее сестра пережили все ужасы Аушвица, Маутхаузена и Гунскирхена — лагерей смерти. 4 мая 1945 года Эдит, едва живую, достали из кучи трупов.

Пытки, голод и постоянная угроза смерти не сломили Эдит, а ее внутренний мир помог обрести жизнеутверждающую силу и душевную свободу. Через 35 лет после окончания войны, став…",https://www.livelib.ru/book/1003406968-vybor-o-svobode-i-vnutrennej-sile-cheloveka-edit-eva-eger,https://s1.livelib.ru/boocover/1003406968/o/a27a/Edit_Eva_Eger__Vybor._O_svobode_i_vnutrennej_sile_cheloveka.jpeg
40,Хранители,"Не надо быть энтузиастом массовой культуры, чтобы по первым двадцати страницам понять, что ХРАНИТЕЛИ - образец высокого, очень высокого искусства; а уж что будет на следующих двадцати... Не удивительно, что именно этот роман чаще прочих оказывается на верхней строчке в списках ""комиксов для людей, которые не читают комиксы"". Чуть ли не на каждой странице из-под тебя как будто вышибают стул; иконопись, двигающиеся в раме окна фигурки, подсвеченные потусторонним светом, - вот на что это похоже; и поразительно, сколько тонких вещей можно передать этими рисунками, как точно можно транслировать иронию - ну и базовые чувства, конечно: страх,…",https://www.livelib.ru/book/1002707776-hraniteli-alan-mur-dejv-gibbons,https://s1.livelib.ru/boocover/1002707776/o/0321/Alan_Mur_Dejv_Gibbons__Hraniteli.jpeg
41,Белый Бим Черное ухо,"Это трогательная история о сеттере по кличке Бим.  Когда его любимого хозяина забирают в больницу,  Бим оказывается на улице.  Ему предстоит узнать,  что есть люди «хорошие»,  которые готовы ему помочь,  и «плохие»,  которые попытаются использовать его в своих целях — или даже избавиться от него.
«Белый Бим Черное ухо» — повесть не просто о собаке и ее хозяине. Она о милосердии и жестокости, о дружбе и предательстве, а еще о преданности, на которую способен не каждый человек.",https://www.livelib.ru/book/1005990637-belyj-bim-chernoe-uho-gavriil-troepolskij,https://s1.livelib.ru/boocover/1005990637/o/d67e/Gavriil_Troepolskij__Belyj_Bim_Chernoe_uho.jpeg
42,У войны не женское лицо,"Одна из самых известных в мире книг о войне, положившая начало знаменитому художественно-документальному циклу Светланы Алексиевич ""Голоса Утопии"". Переведена более чем на двадцать языков, включена в школьные и вузовские программы во многих странах. Последняя авторская редакция: писательница, в соответствии со своим творческим методом, постоянно дорабатывает книгу, убирая цензурную правку, вставляя новые эпизоды, дополняя записанные женские исповеди страницами собственного дневника, который она вела в течение семи лет работы над книгой. ""У войны не женское лицо"" - опыт уникального проникновения в духовный мир женщины, выживающей в…",https://www.livelib.ru/book/1003028177-u-vojny-ne-zhenskoe-litso-svetlana-aleksievich,https://s1.livelib.ru/boocover/1003028177/o/6139/Svetlana_Aleksievich__U_vojny_ne_zhenskoe_litso.jpeg
43,Мартин Иден,"Начало XX века. Мартин Иден – моряк, выходец из низов. Влюбившись в девушку из состоятельной семьи, он предпринимает множество попыток добиться ее расположения и стать частью высшего общества. Юноша занимается самообразованием, участвует в политических дискуссиях и отправляет рукописи в различные журналы. Погружаясь все глубже в мир светских увлечений, снискав славу и став желанным гостем на вечеринках, он наконец задается вопросом: сделало ли все это его счастливым? 

Автобиографический роман Джека Лондона был и остается одним из лучших произведений о любви, юности и утраченных надеждах.",https://www.livelib.ru/book/1005746266-martin-iden-dzhek-london,https://s1.livelib.ru/boocover/1005746266/o/4d96/Dzhek_London__Martin_Iden.jpeg
44,Алмазная колесница,"Книга издана в двух томах (под одной обложкой). Первый том начинается в 1905 году, со встречи со штабс-капитаном Рыбниковым, знакомым нам по повести Куприна. Русско-японская война, в России весьма успешно работает сеть японских агентов, но на пути у них встает опытный и умудренный годами Эраст Петрович Фандорин.

Второй том переносит нас в Японию 1878 года: ниндзя, гейши, самураи... Это история любви молодого дипломата Эраста Фандорина и роковой красавицы-ниндзя О-Юми, любви, изменившей всю его жизнь и напомнившей ему о себе через многие годы...

Время действия — 1905 и 1878 годы. Эрасту Петровичу Фандорину — 49 и 22 года.",https://www.livelib.ru/book/1002096901-almaznaya-kolesnitsa-boris-akunin,https://s1.livelib.ru/boocover/1002096901/o/89dd/Boris_Akunin__Almaznaya_kolesnitsa.jpeg
45,"Про Федота-стрельца, удалого молодца ","""Про Федота-стрельца, удалого молодца"" - великолепно стилизованная стихотворная сказка-аллегория, написанная Леонидом Филатовым. Мир, в котором есть типичные персонажи русских сказок и фантастические существа, обязательно чудо, которое поможет сделать невозможное - возможным, а главный герой наконец-то отыщет То-Чаво-Не-Может-Быть. Все это неизменные приметы жанра, без которых сказка перестает быть сказкой. Яркие, красочные, смешные, язвительные стихи Филатова-сказочника увлекут, удивят и позабавят читателя...",https://www.livelib.ru/book/1000432960-pro-fedotastreltsa-udalogo-molodtsa-sbornik-leonid-filatov,https://s1.livelib.ru/boocover/1000432960/o/8f36/Leonid_Filatov__Pro_Fedotastreltsa_udalogo_molodtsa_sbornik.jpeg
46,Королевство гнева и тумана,"Фейра уже не та простая смертная девушка, какой была на землях людей. Здесь, в Притиании, она обрела бессмертие, развила магические способности, ее возлюбленный — верховный правитель Двора весны, и скоро состоится их свадьба. Но когда-то она заключила договор с правителем Двора ночи и обязана неделю каждого месяца проводить в соседних владениях, о которых идет недобрая слава. Между тем владыка Сонного королевства, давний враг Притиании и мира людей, готовит вторжение на их земли. В его руках мощный артефакт, давший когда-то жизнь всему миру и способный оживлять мертвых. Противостоять его силе может лишь Книга дуновений, и Фейра делает все…",https://www.livelib.ru/book/1005562174-korolevstvo-gneva-i-tumana-sara-dzh-maas,https://s1.livelib.ru/boocover/1005562174/o/7034/Sara_Dzh._Maas__Korolevstvo_gneva_i_tumana.jpeg
47,Дары волхвов ,"Уильям Сидни Портер (1862-1910) взял себе псевдоним О.Генри. Под этим именем его узнал весь мир.
В данную книгу классика американской литературы вошли наиболее известные новеллы: ""Вождь краснокожих"", ""Дороги, которые мы выбираем"", ""Дары волхвов"", ""Родственные души"", ""Сердце и крест"", ""Супружество, как точная наука"" и другие.",https://www.livelib.ru/book/1000116701-dary-volhvov-sbornik-o-genri,https://s1.livelib.ru/boocover/1000116701/o/9c42/O._Genri__Dary_volhvov_sbornik.jpeg
48,Мисс Черити,"На четвертом этаже лондонского особняка живет маленькая Черити Тиддлер. На календаре — конец XIX века, и, стало быть, все цели в жизни юной леди предопределены: приличное образование — пение, танцы, музыка, рисование, вышивание — и удачное замужество. Но во все времена рождаются девочки, которым интереснее изучать окружающий мир и его обитателей, чем наряжаться и охотиться за мужьями. Черити — из таких. С ранних лет ей живется одиноко, но вовсе не скучно. Ведь вокруг столько всего интересного: и жабы, и мыши, и улитки, и ежи, и птицы... Благодаря любознательности, здравомыслию и чувству юмора, а также мастерскому владению акварелью Черити…",https://www.livelib.ru/book/1003269689-miss-cheriti-mariod-myuraj,https://s1.livelib.ru/boocover/1003269689/o/3a4e/MariOd_Myuraj__Miss_Cheriti.jpeg
49,Белый клык,"Талант его ограничен, как хорошая кровь, свеж и прочен, выдумка богата, опыт огромен, и опыт личный, как у Киплинга, у Синклера... Он сам рыл золото в Клондайке, утопал в море, голодал в трущобах городов... Чудесный талант! С тем даром занимательности, что даётся только писателям искренним и правдивым, он ведёт читателя дружеской и крепкой рукою, и когда кончается путь совместный — так жалко расставаться с другом и так ищешь, так хочешь нового свидания и встречи.",https://www.livelib.ru/book/1001013742-belyj-klyk-dzhek-london,https://s1.livelib.ru/boocover/1001013742/o/fc46/Dzhek_London__Belyj_klyk.jpeg
50,"Убийство в ""Восточном экспрессе""","Находившийся в Стамбуле великий сыщик Эркюль Пуаро возвращается в Англию на знаменитом ""Восточном экспрессе"", в котором вместе с ним едут, кажется, представители всех возможных национальностей. Один из пассажиров, неприятный американец по фамилии Рэтчетт, предлагает Пуаро стать своим телохранителем, поскольку считает, что его должны убить. Знаменитый бельгиец отмахивается от этой абсурдной просьбы. А на следующий день американца находят мертвым в своем купе, причем двери закрыты, а окно открыто. Пуаро немедленно берется за расследование – и выясняет, что купе полно всевозможных улик, указывающих… практически на всех пассажиров ""Восточного…",https://www.livelib.ru/book/1006221715-ubijstvo-v-vostochnom-ekspresse-agata-kristi,https://s1.livelib.ru/boocover/1006221715/o/cbe4/Agata_Kristi__Ubijstvo_v_ampquotVostochnom_ekspresseampquot.jpeg
51,11/22/63,"Этот роман безоговорочно признают лучшей книгой Стивена Кинга и миллионы фанатов писателя, и серьезные литературные критики.
…Убийство президента Кеннеди стало самым трагическим событием американской истории ХХ века.
Тайна его до сих пор не раскрыта.
Но что, если случится чудо? Если появится возможность отправиться в прошлое и предотвратить катастрофу?
Это предстоит выяснить обычному учителю из маленького городка Джейку Эппингу, получившему доступ к временному порталу.
Его цель - спасти Кеннеди.
Но какова будет цена спасения?",https://www.livelib.ru/book/1006202158-112263-stiven-king,https://s1.livelib.ru/boocover/1006202158/o/9522/Stiven_King__112263.jpeg
52,Проклятый горн ,"Горячий ветер стремительно рвется с юга, прогоняя суровую зиму и принося на крыльях черную смерть. Загадочный темный кузнец разжег в своем горне пламя судного дня, зловещие тени собираются в школе стражей, и не за горами время могил.

Людвиг, Гертруда, Проповедник и Пугало оказались на перекрестке эпох, и путь, который они вынуждены выбрать, ведет их к гибели.",https://www.livelib.ru/book/1000921803-proklyatyj-gorn-sbornik-aleksej-pehov,https://s1.livelib.ru/boocover/1000921803/o/d57f/Aleksej_Pehov__Proklyatyj_gorn_sbornik.jpeg
53,Замок Броуди,"Самый популярный роман знаменитого прозаика Арчибальда Кронина. Многим известна английская пословица «Мой дом — моя крепость». И узнать тайны английского дома, увидеть «невидимые миру слезы» мало кому удается. Однако дом Джеймса Броуди стал не крепостью, для членов его семьи он превратился в настоящую тюрьму. Из нее вырывается старшая дочь Мэри, уезжает сын Мэт, а вот те, кто смиряется с самодурством и деспотизмом Броуди — его жена Маргарет и малышка Несси, — обречены...",https://www.livelib.ru/book/1001552510-zamok-broudi-archibald-kronin,https://s1.livelib.ru/boocover/1001552510/o/2a0a/Archibald_Kronin__Zamok_Broudi.jpeg
54,Волшебник Изумрудного города,"Первая книга цикла о Волшебной стране.
Иллюстрация на обложке и внутренние иллюстрации И. Бодровой.",https://www.livelib.ru/book/1005396508-volshebnik-izumrudnogo-goroda-aleksandr-volkov,https://s1.livelib.ru/boocover/1005396508/o/cd70/Aleksandr_Volkov__Volshebnik_Izumrudnogo_goroda.jpeg
55,Королева теней,"Селена Сардотин, наследница террасенского престола, любимица богов, потомок народа фэ, лучшая в мире женщина-ассасин, возвращается под чужим именем в столицу Адарланского королевства, чтобы продолжить борьбу с королем-тираном, поработившим ее страну. Оружие Селены не только верный клинок, она способна управлять магией. Но магия ушла с Эрилейского континента, и первое, что Селене предстоит сделать, — высвободить запретные силы, способные помочь ей в справедливой борьбе.",https://www.livelib.ru/book/1002006708-koroleva-tenej-sara-dzh-maas,https://s1.livelib.ru/boocover/1002006708/o/2aa8/Sara_Dzh._Maas__Koroleva_tenej.jpeg
56,Наваждения ,"Наваждения, согласно классификации, предложенной достопочтенным Тинки Айохти, бывают восемнадцати степеней достоверности. Наваждения первой степени достоверности знакомы всем - лицо покойного друга, мелькнувшее в конце улицы, тень в форме фантастической химеры - померещилось на миг, и сразу прошло. С наваждением восемнадцатой степени достоверности, можно прожить бок о бок всю жизнь и не догадаться о его нечеловеческой природе. Но о классификации наваждений в этой книге не сказано ни слова. Зато здесь много рассказано о самих наваждениях - древних чудовищах из далёких морей, шкатулках, дарящих вечное блаженство и зачарованных городах, иногда…",https://www.livelib.ru/book/1004770234-navazhdeniya-sbornik-maks-fraj,https://s1.livelib.ru/boocover/1004770234/200x305/394c/boocover.jpg
57,Ведьма-хранительница,"Кто сказал: «Тяжело в учении, легко в бою»? А подать его сюда, в бой! Школа Чародеев, Пифий и Травниц окончена, но проблемы молодой дипломированной ведьмы только начинаются.
Захотелось ей, видите ли, приключений, легендарных подвигов и разгадок великих тайн! Что ж, хлебная должность королевского мага побоку, и пожалуйста — теперь Вольхе Редной будет о чем рассказать внукам… если, конечно, удастся с честью выйти из любезно подкинутых судьбой испытаний…",https://www.livelib.ru/book/1000517313-vedmahranitelnitsa-olga-gromyko,https://s1.livelib.ru/boocover/1000517313/o/3924/Olga_Gromyko__Vedmahranitelnitsa.jpeg
58,Маленький принц,"Самое знаменитое произведение Антуана де Сент-Экзюпери с авторскими рисунками. Мудрая и человечная сказка-притча, в которой просто и проникновенно говорится о самом важном: о дружбе и любви, о долге и верности, о красоте и нетерпимости к злу. Трогательное, доброе и философское  произведение Антуана де Сент-Экзюпери с авторскими рисунками. Книга, адресованная детям, будет сопровождать вас всю жизнь, каждый раз раскрываясь по-новому. Это та книга, которую должен прочесть каждый человек.",https://www.livelib.ru/book/1002999336-malenkij-prints-antuan-de-sentekzyuperi,https://s1.livelib.ru/boocover/1002999336/o/ecbe/Antuan_de_SentEkzyuperi__Malenkij_prints.jpeg
59,Воздушный народ. Королева ничего,"Власть легче завоевать, чем удержать. Джуд, Верховная королева Эльфхейма, лишена власти, но не сломлена. Даже находясь в изгнании, она не оставляет надежды вернуться ко Двору фейри. Отринув свои чувства к Кардану, Джуд спешит на помощь сестре, которая попала в беду в Фейриленде. Но знакомого Эльфхейма больше нет. Война на пороге. И Джуд должна собрать все свои силы, чтобы спасти то, что осталось. И даже возможно стать настоящей королевой монстров, если потребуется...",https://www.livelib.ru/book/1007076592-vozdushnyj-narod-koroleva-nichego-holli-blek,https://s1.livelib.ru/boocover/1007076592/o/a1e7/Holli_Blek__Vozdushnyj_narod._Koroleva_nichego.jpeg
60,Гордость и предубеждение,"Шедевр английской литературы ""Гордость и предубеждение"" был впервые опубликован в 1813 году и до сих пор не теряет своего обаяния, оставаясь одним из самых популярных романов всех времен. Остроумная комедия нравов, вышедшая из-под пера Джейн Остен, получила значительное внимание со стороны критиков и проложила путь к тем прообразам, которые можно найти и в современной литературе. На фоне быта английского провинциального общества, нравы которого автор описывает с тонкой иронией и удивительной наблюдательностью, разворачивается великолепный спор между гордым мистером Дарси и предвзятой Элизабет Беннет. Благодаря изящному слогу автора страница…",https://www.livelib.ru/book/1006221700-gordost-i-predubezhdenie-dzhejn-ostin,https://s1.livelib.ru/boocover/1006221700/o/262d/Dzhejn_Ostin__Gordost_i_predubezhdenie.jpeg
61,Первый Закон. Прежде чем их повесят,"Инквизитор Глокта получает невыполнимое задание – занять место пропавшего наставника в осажденной гурками Дагоске и не допустить ее падения. Первый маг Байяз вместе с прославленным воином Логеном Девятипалым, дворянином Джезалем дан Луфаром и южанкой Ферро отправляются в весьма опасное путешествие на край мира. Путь, который полон лишений и неприятных сюрпризов, но… ради чего? В Инглии продолжается война между Союзом и самозваным королем Севера Бетодом. Все пророчит победу Союзу, ведь во главе обученного войска стоит опытный маршал. Но противник хитер, и кто знает, что он успел подготовить…
Куда качнется маятник рока? С кем удача сыграет…",https://www.livelib.ru/book/1004187547-pervyj-zakon-prezhde-chem-ih-povesyat-dzho-aberkrombi,https://s1.livelib.ru/boocover/1004187547/o/8263/Dzho_Aberkrombi__Pervyj_Zakon._Prezhde_chem_ih_povesyat.jpeg
62,Цитадель,"«Цитадель» – возможно, самая известная книга Кронина, это замечательный злободневный роман-притча о жизненном пути человека от его становления и развития до разложения и упадка личности под гнетом суровой реальности.
Эндрю Мэнсон приезжает на первую в своей жизни практику с благородной целью: помочь как можно большему количеству людей. Он искренне хочет стать одним из тех, кто сможет по-настоящему прославить медицину. Все начинается с малого, но Эндрю не отступает перед трудностями: в захолустном городке молодой человек числится помощником доктора, но на самом деле он сам – доктор. Такова жизнь и Эндрю принимает вызов!
Мало-помалу, меняя…",https://www.livelib.ru/book/1003049541-tsitadel-archibald-kronin,https://s1.livelib.ru/boocover/1003049541/o/1530/Archibald_Kronin__Tsitadel.jpeg
63,Бегущий за ветром,"Проникновенная, пробирающая до самого нутра история о дружбе и верности, о предательстве и искуплении. Нежный, ироничный и по-хорошему сентиментальный, роман Халеда Хоссейни напоминает живописное полотно, которое можно разглядывать бесконечно.
История разворачивается в довоенном Кабуле 1970-х. В этом волшебном городе, переливающемся всеми оттенками золота и лазури, живут два мальчика-погодка, Амир и Хасан. Один принадлежал к местной аристократии, другой — к презираемому меньшинству. У одного отец был красив и важен, у другого — хром и жалок. Господин и слуга, принц и нищий, красавец и калека. Но не было на свете людей ближе, чем эти два…",https://www.livelib.ru/book/1002062846-beguschij-za-vetrom-haled-hossejni,https://s1.livelib.ru/boocover/1002062846/o/a014/Haled_Hossejni__Beguschij_za_vetrom.jpeg
64,Простые волшебные вещи ,"Простые волшебные вещи - это такая разновидность магических артефактов. Сделанные вдали от Сердца Мира как простые талисманы, пригодные скорее для спокойствия своего владельца, чем для дела, попадая в Ехо, они внезапно обретают большую силу и удивительные, часто непредсказуемые свойства.

Иногда сэр Макс чувствует себя такой же ""простой волшебной вещью"", от которой никогда не знаешь, чего ожидать.
И никто не знает, вот в чём штука.",https://www.livelib.ru/book/1003992190-prostye-volshebnye-veschi-sbornik-maks-fraj,https://s1.livelib.ru/boocover/1003992190/o/a955/Maks_Fraj__Prostye_volshebnye_veschi_sbornik.jpeg
65,Всё о муми-троллях: повести-сказки ,"Все приключения муми-троллей в одной книге! Здесь вы встретитесь с обитателями сказочной страны - муми-троллями, хатифнаттами, хемулями... Их приключениями зачитывается весь мир. 
Познакомившись с произведениями финской писательницы, вы поймете, почему Янссон так знаменита и почему столь любимы муми-тролли и другие сказочные герои, населяющие ее книги.",https://www.livelib.ru/book/1002090039-vsjo-o-mumitrollyah-povestiskazki-sbornik-tuve-yansson,https://s1.livelib.ru/boocover/1002090039/o/1977/Tuve_Yansson__Vsjo_o_mumitrollyah_povestiskazki_sbornik.jpeg
66,Таинственный остров,"Самыми страшными войнами являются гражданские, когда ненависть зашкаливает все пределы, когда брат идет против брата, когда попасть в плен может быть страшнее смерти. Именно в такой ситуации оказалась пятерка северян, чье стремление к свободе было сильнее страха погибнуть в плену или при попытке к бегству. Но результат бегства на воздушном шаре оказался непредсказуемым: в результате урагана их занесло на необитаемый остров. Множество приключений и опасностей поджидают их там, но отвага, знания и изобретательность позволят им не только уцелеть, но и обустроить свой быт. А остров, только казавшийся необитаемым, на самом деле давно имеет…",https://www.livelib.ru/book/1001530276-tainstvennyj-ostrov-zhyul-vern,https://s1.livelib.ru/boocover/1001530276/o/c0f5/Zhyul_Vern__Tainstvennyj_ostrov.jpeg
67,Поллианна,"Элинор Портер - американская детская писательница, завоевавшая всемирную славу благодаря книге о Поллианне. С тех пор как читатели познакомились с этой обаятельной героиней в 1913 году, книга о ней стала излюбленным чтением для многих поколений девочек.
Одиннадцатилетнюю сироту Поллианну берет на воспитание ее тетя, чопорная старая дева. Поначалу непоседливая и чересчур общительная девочка вызывает у мисс Полли и некоторых других жителей городка недоумение и даже раздражение. Она нарушает всевозможные правила, притаскивает домой котенка, собаку и даже мальчика, сбежавшего из приюта, разговаривает с незнакомцами и всем рассказывает об ""игре…",https://www.livelib.ru/book/1007149603-pollianna-elinor-porter,https://s1.livelib.ru/boocover/1007149603/o/e946/Elinor_Porter__Pollianna.jpeg
68,К оружию! К оружию!,"Ночная Стража переживает ""второе рождение"". И решает проблему с меньшинствами в Анк-Морпорке.

Город Тысячи Сюрпризов приютил мертвого клоуна и взрывающихся драконов. Вечно враждующих гномов и троллей, самого неудачливого воришку во всем Плоском мире. Обладателей ""хорькизмы"" (она же харизма) и знатоков ""башмачной"" теории экономической несправедливости.",https://www.livelib.ru/book/1005550528-k-oruzhiyu-k-oruzhiyu-terri-pratchett,https://s1.livelib.ru/boocover/1005550528/o/d90e/Terri_Pratchett__K_oruzhiyu_K_oruzhiyu.jpeg
69,Братья Карамазовы,"""Братья Карамазовы"" (1880 г.) — последний роман Достоевского, вершина его творчества, в каком-то смысле главный труд всей его жизни и одно из величайших произведений в истории мировой литературы.
Загадка, связанная со смертью и кражей, полная накала и страстей любовная история, разворачивающаяся на глазах читателя семейная драма, сложные психологические перипетии, множество вплетенных в основную канву других остросюжетных линий — все это вместилось в роман ""Братья Карамазовы"", главной проблематикой которого является вопрос о Боге и бессмертии души. А в центре повествования, как всегда у Достоевского, — человек, терзаемый сомнениями,…",https://www.livelib.ru/book/1006032775-bratya-karamazovy-fjodor-dostoevskij,https://s1.livelib.ru/boocover/1006032775/o/cc48/Fjodor_Dostoevskij__Bratya_Karamazovy.jpeg
70,К востоку от Эдема,"""Все, что я написал ранее, в известном смысле было лишь подготовкой к созданию этого романа"", – говорил сам Джон Стейнбек о книге ""К востоку от Эдема"", причем с полным на то основанием: ему удалось создать один из главных литературных шедевров ХХ века.
Роман, спровоцировавший бурю возмущений консервативно настроенных критиков, надолго занял первое место среди национальных бестселлеров.
""К востоку от Эдема"" – книга о страстной любви и ненависти, об ошибках и преступлениях, о доверии и предательстве. В основе сюжета – история двух сыновей калифорнийца Адама Траска, своеобразных Каина и Авеля. Каждый из них ищет свой путь в этом мире и…",https://www.livelib.ru/book/1004638207-k-vostoku-ot-edema-dzhon-stejnbek,https://s1.livelib.ru/boocover/1004638207/o/4832/Dzhon_Stejnbek__K_vostoku_ot_Edema.jpeg
71,Ходячий замок,"Книги английской писательницы Дианы У.Джонс настолько ярки, что так и просятся на экран. По ее бестселлеру ""Ходячий замок"" знаменитый мультипликатор Хаяо Миядзаки (""Унесенные призраками""), обладатель ""Золотого льва"" - высшей награды Венецианского фестиваля, снял анимационный фильм, побивший в Японии рекорд кассовых сборов. 

Софи живет в сказочной стране, где ведьмы и русалки, семимильные сапоги и говорящие собаки - обычное дело. Поэтому, когда на нее обрушивается ужасное проклятие коварной Болотной Ведьмы, Софи ничего не остается, как обратиться за помощью к таинственному чародею Хоулу, обитающему в Ходячем замке. Однако, чтобы…",https://www.livelib.ru/book/1001449815-hodyachij-zamok-diana-uinn-dzhons,https://s1.livelib.ru/boocover/1001449815/o/9247/Diana_Uinn_Dzhons__Hodyachij_zamok.jpeg
72,Повесть о настоящем человеке,"Потрясающая «Повесть о настоящем человеке» Бориса Полевого – это подлинная история военного летчика Алексея Маресьева (в книге – Мересьев), сбитого в воздушном бою и ценой невероятных усилий вернувшегося в строй, преодолевшего обстоятельства, казавшиеся непреодолимыми. Он стал олицетворением русского характера, примером беззаветной преданности Родине. Это повесть о людях, умеющих дружить, любить, сострадать, чья вера в безграничные возможности человеческого духа значила больше, чем победа над врагом.",https://www.livelib.ru/book/1006787095-povest-o-nastoyaschem-cheloveke-boris-polevoj,https://s1.livelib.ru/boocover/1006787095/o/a572/Boris_Polevoj__Povest_o_nastoyaschem_cheloveke.jpeg
73,Восхитительная ведьма,"Пожелайте мне удачи. Я покоряю человека с железным сердцем, каменными плечами и ужасным характером. Я не знаю, чего мне хочется больше — придушить или обнять его.

Он зануда, который старается все делать правильно, но совершает такие безбашенные поступки, на которые я никогда не решилась бы.

Он университетский преподаватель, а я старшекурсница. Пока он не знает, что станет моим парнем. Но ведь это дело времени, правда? Я добьюсь его во что бы то ни стало.",https://www.livelib.ru/book/1003632165-voshititelnaya-vedma-anna-dzhejn,https://s1.livelib.ru/boocover/1003632165/o/4b5c/Anna_Dzhejn__Voshititelnaya_vedma.jpeg
74,С неба упали три яблока ,"История одной маленькой деревни, затерянной высоко в горах, и ее немногочисленных обитателей, каждый из которых немножко чудак, немножко ворчун и в каждом из которых таятся настоящие сокровища духа.",https://www.livelib.ru/book/1002819268-s-neba-upali-tri-yabloka-sbornik-narine-abgaryan,https://s1.livelib.ru/boocover/1002819268/o/d789/Narine_Abgaryan__S_neba_upali_tri_yabloka_sbornik.jpeg
75,Архив Буресвета. Книга 1. Путь королей,"Масштабная сага погружает читателя в удивительный мир, не уступающий мирам Р. Р. Толкиена, Р. Джордана и Р. Сальваторе. Уникальная флора и фауна, тщательно продуманное политическое устройство и богатая духовная культура – здесь нет ничего случайного.

Рошар — мир во власти великих бурь, сметающих все живое на своем пути. Но есть и то, что страшнее любой великой бури, – это истинное опустошение. Одно лишь его ожидание меняет судьбы целых народов. Сумеют ли люди сплотиться перед лицом страшной угрозы? Найдется ли тот, для кого древняя клятва — жизнь прежде смерти, сила прежде слабости, путь прежде цели — станет чем-то большим, нежели…",https://www.livelib.ru/book/1001547246-arhiv-buresveta-kniga-1-put-korolej-brendon-sanderson,https://s1.livelib.ru/boocover/1001547246/o/3ffe/Brendon_Sanderson__Arhiv_Buresveta._Kniga_1._Put_korolej.jpeg
76,"Дядя Федор, пес и кот","Простоквашино — это такое место, где все становятся счастливыми. Дядя Фёдор — потому что у него теперь есть пёс и кот. Матроскин — потому что обзавёлся коровой. Шарик — потому что жизнь сытная и призвание своё он наконец нашёл. И хотя это всё простые радости — читать про счастливых детей и зверей очень приятно.
Для детей до 3-х лет.",https://www.livelib.ru/book/1005644860-dyadya-fedor-pes-i-kot-eduard-uspenskij,https://s1.livelib.ru/boocover/1005644860/o/1848/Eduard_Uspenskij__Dyadya_Fedor_pes_i_kot.jpeg
77,"Люди, которые всегда со мной","""Люди, которые всегда со мной"" - это семейная сага, история нескольких поколений одной семьи. История людей, переживших немало тяжёлых испытаний, но сохранивших в сердце доброту, человечность и любовь друг к другу. Роман о старших, о близких, которые всю жизнь поддерживают нас - даже уже уйдя, даже незримо - и делают нас теми, кто мы есть.
                                                                                 Наринэ Абгарян",https://www.livelib.ru/book/1003262800-lyudi-kotorye-vsegda-so-mnoj-narine-abgaryan,https://s1.livelib.ru/boocover/1003262800/o/6c32/Narine_Abgaryan__Lyudi_kotorye_vsegda_so_mnoj.jpeg
78,Вафельное сердце,"Год из жизни двух жителей бухты Щепки-Матильды, где всего-то три дома, — девятилетнего Трилле, который и рассказывает нам эту историю, и его соседки и одноклассницы Лены — вмещает немыслимо много событий и приключений: забавных, трогательных, опасных... Идиллическое житье-бытье на норвежском хуторе нарушается — но не разрушается — драматическими событиями. Но дружба, конечно же, оказывается сильнее!",https://www.livelib.ru/book/1003621294-vafelnoe-serdtse-mariya-parr,https://s1.livelib.ru/boocover/1003621294/o/1c25/Mariya_Parr__Vafelnoe_serdtse.jpeg
79,Поселок,"Это — книги, от которых не могли и не могут оторваться подростки «всех времен и народов». Это — «Мастера». Мастера лучших фантастических, приключенческих и детективных романов мировой литературы. Великие мастера фантастики братья Стругацкие и СтаниславЛем, Рэй Брэдбери и Кир Булычев... Великие мастера приключенческой прозы — Луи Буссенар, Жюль Верн, Рафаэль Сабатини и Майн Рид... Великие знаменитейшие мастера детектива — от Агаты Кристи до Жоржа Сименона... Каждый читатель — ученик. Ученик мастеров, чьи произведения проверены временем. Ученик мастеров, чьи книги неподвластны старению.

Добро пожаловать на встречу с «Мастерами»!

Это —…",https://www.livelib.ru/book/1000219585-poselok-kir-bulychjov,https://s1.livelib.ru/boocover/1000219585/o/c4f9/Kir_Bulychjov__Poselok.jpeg
80,1984. Скотный Двор ,"«1984». Своеобразный антипод второй великой антиутопии XX века — «О дивный новый мир» Олдоса Хаксли. Что, в сущности, страшнее: доведенное до абсурда «общество потребления» — или доведенное до абсолюта «общество идеи»? По Оруэллу, нет и не может быть ничего ужаснее тотальной несвободы... 

«Скотный Двор». Притча, полная юмора и сарказма. Может ли скромная ферма стать символом тоталитарного общества? Конечно, да. Но... каким увидят это общество его «граждане» — животные, обреченные на бойню?",https://www.livelib.ru/book/1000942736-1984-skotnyj-dvor-sbornik-dzhordzh-oruell,https://s1.livelib.ru/boocover/1000942736/o/fb20/Dzhordzh_Oruell__1984._Skotnyj_Dvor_sbornik.jpeg
81,Перси Джексон и последнее пророчество,"Кронос, собравший огромную армию титанов, хочет захватить и разрушить священный Олимп. На помощь он призвал могущественного великана - Тифона. Боги вступают в сражение с этим страшным противником, оставив без защиты свою обитель. И только Перси Джексон - единственный, кто раскусил военную хитрость Кроноса. Вместе с друзьями-полукровками он встает на защиту Олимпа. Удастся ли им отбить атаки чудовищ или защитникам придется погибнуть в неравном бою? Надеяться они могут только на чудо, а еще на помощь тех богов, кто пока предпочитает не принимать участие в битве.",https://www.livelib.ru/book/1000762632-persi-dzhekson-i-poslednee-prorochestvo-rik-riordan,https://s1.livelib.ru/boocover/1000762632/o/fbe2/Rik_Riordan__Persi_Dzhekson_i_poslednee_prorochestvo.jpeg
82,Манюня пишет фантастичыскый роман,"Перед вами долгожданное продолжение лучшей в мире книги о детстве — романа Наринэ Абгарян ""Манюня"". Всем, кто уже успел узнать и полюбить смешных подружек-хулиганок Нару и Манюню, суровую, но обаятельную Ба — бабушку Манюни и ораву их шумных и несуразных родственников, а также тем, кому это ужасно приятное знакомство только предстоит, мы дарим книжку о новых приключениях Манюни! Если вы думаете, что знаете, на что способны две девчонки младшего школьного возраста, которым не сидится на месте и хочется провести детство так, чтобы ни одна его минута не прошла скучно, то вы еще ничего не знаете... Читайте и ужасайтесь, то есть наслаждайтесь,…",https://www.livelib.ru/book/1002045838-manyunya-pishet-fantastichyskyj-roman-narine-abgaryan,https://s1.livelib.ru/boocover/1002045838/o/eb46/Narine_Abgaryan__Manyunya_pishet_fantastichyskyj_roman.jpeg
83,Поющие в терновнике,"Захватывающая семейная сага, пронзительная история о беспримерной любви длиною в жизнь – роман Колин Маккалоу по праву получил всемирное признание, а блестящая экранизация 1983 года принесла ему еще большую популярность. В этой книге есть все – экзотическая обстановка, неожиданные повороты сюжета, исключительная эмоциональность, тонкие и убедительные психологические портреты. Но прежде всего это подлинный гимн великой любви, во всех ее проявлениях: любви к родной земле, любви к детям и родителям, любви к Богу… и вечной любви мужчины и женщины.",https://www.livelib.ru/book/1003682224-poyuschie-v-ternovnike-kolin-makkalou,https://s1.livelib.ru/boocover/1003682224/o/b76b/Kolin_Makkalou__Poyuschie_v_ternovnike.jpeg
84,Хроники Ехо. Ворона на мосту,"Делая собственную историю чужим достоянием, рассказчик не просто воскрешает ее в памяти, но и в некотором роде заново овеществляет. Она, конечно, и так не выдумка, и все же прежде, до слов, ей недоставало подлинности. В результате совместных усилий рассказчика и слушателя, или читателя на перилах невообразимого Моста Времени одна за другой появляются зримые и осязаемые зарубки.

Поэтому вот вам история о Рыбнике, рыбаке и рыбке, и еще о мокрой вороне, и о конце света заодно, и, если уж на то пошло, — о начале света, и как же хорошо, что у этого слова так много смыслов, как ни поверни, все — правда. Рассказать об этом было почти…",https://www.livelib.ru/book/1002689410-hroniki-eho-vorona-na-mostu-maks-fraj,https://s1.livelib.ru/boocover/1002689410/o/45aa/Maks_Fraj__Hroniki_Eho._Vorona_na_mostu.jpeg
85,Магистр дьявольского культа. Том 1,"Старейшина Илин, Вэй Усянь, погиб во время осады горы Луаньцзан, и смерть его принесла бесконечную радость и ликование... Однако минуло тринадцать лет, и кто-то решил призвать дух Вэй Усяня, позволив ему возродиться в этом мире! Страшная гибель должна была поставить точку в его истории. Но после неожиданного возвращения Вэй Усянь вновь сталкивается с кланами заклинателей, которые когда-то пошли на него войной. И что совсем невероятно: всегда серьёзный и невозмутимый Лань Ванцзи из Ордена Гусу Лань оставляет Вэй Усяня при себе, терпит дерзкие выходки и даже позволяет забираться в свою постель! Какие же цели преследует один из прославленных…",https://www.livelib.ru/book/1003989922-magistr-dyavolskogo-kulta-tom-1-mosyan-tunsyu,https://s1.livelib.ru/boocover/1003989922/o/f4d7/Mosyan_Tunsyu__Magistr_dyavolskogo_kulta._Tom_1.jpeg
86,Профессия: ведьма. Ведьма-хранительница. Верховная Ведьма. Ведьмины байки ,"Ox, и тяжела же ты, ведьмина доля! То в вампирью долину судьба занесет, то в драконью пещеру, то упыри на кладбище шалят, то от оборотней честному люду никакого спасу нет. К тому же конкуренты так и норовят увести из-под носа выгодную работенку, священники предают анафеме, селяне боязливо косятся, а король дерет налоги... 
Но если вы молоды, талантливы и ваш магический резерв скорее наполовину полон, чем наполовину пуст,- все это ерунда! Главное - приключения и истинная любовь!",https://www.livelib.ru/book/1001280831-professiya-vedma-vedmahranitelnitsa-verhovnaya-vedma-vedminy-bajki-sbornik-olga-gromyko,https://s1.livelib.ru/boocover/1001280831/o/0465/Olga_Gromyko__Professiya_vedma._Vedmahranitelnitsa._Verhovnaya_Vedma._Vedminy_ba.jpeg
87,Денискины рассказы ,"В сборник вошли самые известные истории о Дениске Кораблеве, веселом и добром мальчике, который все время попадает в какие-нибудь переделки.",https://www.livelib.ru/book/1000667382-deniskiny-rasskazy-sbornik-viktor-dragunskij,https://s1.livelib.ru/boocover/1000667382/o/38aa/Viktor_Dragunskij__Deniskiny_rasskazy_sbornik.jpeg
88,"Малыш и Карлсон, который живёт на крыше","Если ребёнок скучает и куксится, значит, ему нужен друг. В крайнем случае – собака. А если нет ни друга, ни собаки и играть совершенно не с кем, появляются разные фантастические существа, в компании с которыми не соскучишься. Об одном из них – упитанном человечке с пропеллером и отвратительным характером – рассказала писательница Астрид Линдгрен. С тех пор весь мир завидует шведскому мальчику Малышу, у которого есть Карлсон, который живёт на крыше.",https://www.livelib.ru/book/1001411810-malysh-i-karlson-kotoryj-zhivjot-na-kryshe-astrid-lindgren,https://s1.livelib.ru/boocover/1001411810/o/1296/Astrid_Lindgren__Malysh_i_Karlson_kotoryj_zhivjot_na_kryshe.jpeg
89,"Богач, бедняк","Роман ""Богач, бедняк"" (1969) — захватывающая история о непростых судьбах троих детей Акселя Джордаха, чьи дороги расходятся после смерти отца. Руди, который был любимчиком в семье и школе, Том, задира и хулиган, которого родители не особо жаловали, и гордая красавица Гретхен пытаются обрести счастье. Их ждет непростой путь, полный лишений и преград. Для кого-то мечта становится ближе, а для кого-то достигнутый идеал теряет смысл, иллюзия рассеивается. Эта книга напоминает о том, что за счастье нужно не только бороться, но и суметь его разглядеть. Она до сих пор читается на одном дыхании. Роман лег в основу двух замечательных телесериалов,…",https://www.livelib.ru/book/1003363435-bogach-bednyak-irvin-shou,https://s1.livelib.ru/boocover/1003363435/o/1c96/Irvin_Shou__Bogach_bednyak.jpeg
90,О скитаньях вечных и о Земле ,"В настоящий сборник вошли произведения, созданные одним из ведущих американских писателей - фантастов Рэем Брэдбери: ""Марсианские хроники"", роман ""451° по Фаренгейту"", рассказы ""Превращение"", ""Электрическое тело пою!"", ""О скитаниях вечных и о Земле"", ""Наказание без преступления"" и др.",https://www.livelib.ru/book/1000333615-o-skitanyah-vechnyh-i-o-zemle-sbornik-rej-bredberi,https://s1.livelib.ru/boocover/1000333615/o/159f/Rej_Bredberi__O_skitanyah_vechnyh_i_o_Zemle_sbornik.jpeg
91,А Christmas Carol in Prose. Рождественская песнь в прозе ,"В книгу включена первая и самая известная из ""Рождественских повестей"" Чарльза Диккенса. Впервые публикуется посвященная этой повести статья Г.К.Честертона, неожиданно открывающая ее ранее непрочитанные смыслы. Издание выходит в год 200-летия Ч.Диккенса.",https://www.livelib.ru/book/1000607470-a-christmas-carol-in-prose-rozhdestvenskaya-pesn-v-proze-sbornik-charlz-dikkens,https://s1.livelib.ru/boocover/1000607470/o/4f1b/Charlz_Dikkens__A_Christmas_Carol_in_Prose._Rozhdestvenskaya_pesn_v_proze_sborni.jpeg
92,Сквозь зеркала. Тайны Полюса,"Офелию подхватил вихрь поразительных событий и перемен. Ещё вчера девушка была новым человеком на Полюсе, не понимающим, что происходит вокруг, а сегодня она - в центре грандиозной интриги! Ей предстоит свидание, о котором многие обитатели Полюса мечтают десятилетиями: со дня на день Офелия встретится с самим Фаруком, Духом ковчега.

Во второй книге серии ""Сквозь зеркала"" героиня уже не выглядит ребёнком, потерявшимся в загадочном мире взрослых. Наконец-то ей представляется шанс взять судьбу в собственные руки! И кстати, руки здесь помогут как нельзя лучше: в кончиках пальцев, старательно спрятанных под перчатками, заключена магическая…",https://www.livelib.ru/book/1002800165-skvoz-zerkala-tajny-polyusa-kristel-dabo,https://s1.livelib.ru/boocover/1002800165/o/bb59/Kristel_Dabo__Skvoz_zerkala._Tajny_Polyusa.jpeg
93,Дурная кровь,"Корморан Страйк навещает родных в Корнуолле. Там к частному детективу, вновь попавшему на первые полосы газет после того, как он поймал Шеклуэллского Потрошителя и раскрыл убийство министра культуры Джаспера Чизуэлла, обращается незнакомая женщина и просит найти ее мать, пропавшую при загадочных обстоятельствах в 1974 году. Страйку никогда еще не доводилось расследовать «висяки», тем более сорокалетней выдержки; шансы на успех почти нулевые. Но он заинтригован таинственным исчезновением молодого доктора Марго Бамборо и берется за дело, которое оказывается, пожалуй, самым головоломным в его практике. Со своей верной помощницей Робин…",https://www.livelib.ru/book/1005533080-durnaya-krov-robert-gelbrejt,https://s1.livelib.ru/boocover/1005533080/o/925a/Robert_Gelbrejt__Durnaya_krov.jpeg
94,Динка,"Валентина Александровна Осеева (1902—1969) — русская детская писательница, лауреат государственной премии. Родилась в Киеве, после окончания средней школы училась на актёрском факультете в киевском институте, но из-за переезда в Москву учебу не окончила.
Первая книга Осеевой «Рыжий кот» опубликована в 1940 г. Автобиографическую повесть «Динка» (1959 г.) автор посвятила своей матери и сестре Анжеле. Действие повести происходит в России накануне революции. Восьмилетняя своенравная Динка младшая из трех сестер. Отец Динки, профессиональный революционер, скрываясь от слежки, с семьей не живет, воспитанием дочерей занимается мать и ее сестра.…",https://www.livelib.ru/book/1005781615-dinka-valentina-oseeva,https://s1.livelib.ru/boocover/1005781615/o/6aad/Valentina_Oseeva__Dinka.jpeg
95,Мой дедушка был вишней,"Старик Оттавиано посадил вишневое дерево, которое стало лучшим другом его внуку. И так появилась на свет история о необычном дедушке, который умел слушать растения и верил, что ""человек не умирает, пока вишневые деревья продолжают жить для него"". Книга ""Мой дедушка был вишней"" вошла в список выдающихся книг для детей ""Белые вороны"", составляемый Международной мюнхенской юношеской библиотекой. Она отмечена премиями в Италии, Германии и Франции, а автор ее, Анджела Нанетти, была номинирована на главную премию в детской литературе - премию Г.X.Андерсена.",https://www.livelib.ru/book/1001475296-moj-dedushka-byl-vishnej-andzhela-nanetti,https://s1.livelib.ru/boocover/1001475296/o/7846/Andzhela_Nanetti__Moj_dedushka_byl_vishnej.jpeg
96,Бессмертный огонь,"Когда-то Эми верила, что небесные боги справедливы и мудры, а земные духи-ёкаи — кровожадны и злы. Но теперь, когда вероломное божество готовится уничтожить ее мир, а единственной защитой человечества становятся ёкай, сквозь пелену лжи, которой Эми окутывали с самого детства, проступает куда более жуткая реальность. 

Невзирая на нависшую угрозу, Эми не в силах сосредоточиться: все ее мысли занимает Широ, ёкай-лис, столь умело и ловко завоевавший ее сердце. Уже скоро — слишком скоро — ей придется разрушить проклятие, что сковывает его чары и воспоминания. И как только в нем пробудится древняя мощь, ёкай, в которого Эми влюблена, изменится…",https://www.livelib.ru/book/1003189038-bessmertnyj-ogon-annett-mari,https://s1.livelib.ru/boocover/1003189038/o/4f90/Annett_Mari__Bessmertnyj_ogon.jpeg
97,Последнее желание ,"Ведьмак - это мастер меча и мэтр волшебства, ведущий непрерывную войну с кровожадными монстрами, которые угрожают покою сказочной страны.

""Ведьмак"" - это мир на острие меча, ошеломляющее действие, незабываемые ситуации, великолепные боевые сцены.",https://www.livelib.ru/book/1001607817-poslednee-zhelanie-sbornik-andzhej-sapkovskij,https://s1.livelib.ru/boocover/1001607817/o/5f93/Andzhej_Sapkovskij__Poslednee_zhelanie_sbornik.jpeg
98,Магистр дьявольского культа. Том 3,"Личность Старейшины Илин раскрыта, и Вэй Усянь вновь становится объектом преследования всех кланов заклинателей, однако на этот раз он не одинок, ведь с ним прославленный Ханьгуан-цзюнь, Лань Ванцзи, который помогает Вэй Усяню укрыться в Облачных Глубинах. Теперь перед героями стоит непростая задача: узнать всю правду о смерти Чифэн-цзуня и доказать Главе Ордена Лань, Лань Сичэню, насколько жесток и коварен его давний друг. Тем временем весть о возвращении Старейшины Илин разлетается по миру, и вторая осада горы Луаньцзан неизбежно приближается...",https://www.livelib.ru/book/1004160466-magistr-dyavolskogo-kulta-tom-3-mosyan-tunsyu,https://s1.livelib.ru/boocover/1004160466/o/b90d/Mosyan_Tunsyu__Magistr_dyavolskogo_kulta._Tom_3.jpeg
